study_id,reference,title,year,location,domain,intervention_category,intervention_technique,type_experiment,n_comparison,n_control,n_intervention,binary_outcome,mean_control,sd_control,mean_intervention,sd_intervention,cohens_d,variance_d,approximation,ci_lower,ci_upper,gpt35_llm_mean_control,gpt35_llm_mean_intervention,gpt35_llm_std_control,gpt35_llm_std_intervention,gpt35_llm_cohens_d,gpt35_llm_p_value,gpt35_llm_variance_d,gpt35_llm_ci_lower,gpt35_llm_ci_upper,gpt4o_llm_mean_control,gpt4o_llm_mean_intervention,gpt4o_llm_std_control,gpt4o_llm_std_intervention,gpt4o_llm_cohens_d,gpt4o_llm_p_value,gpt4o_llm_variance_d,gpt4o_llm_ci_lower,gpt4o_llm_ci_upper,claude3_llm_mean_control,claude3_llm_mean_intervention,claude3_llm_std_control,claude3_llm_std_intervention,claude3_llm_cohens_d,claude3_llm_p_value,claude3_llm_variance_d,claude3_llm_ci_lower,claude3_llm_ci_upper,deepseekv3_llm_mean_control,deepseekv3_llm_mean_intervention,deepseekv3_llm_std_control,deepseekv3_llm_std_intervention,deepseekv3_llm_cohens_d,deepseekv3_llm_p_value,deepseekv3_llm_variance_d,deepseekv3_llm_ci_lower,deepseekv3_llm_ci_upper
Bamberg_1,Bamberg (2002),Effects of implementation intention on the actual performance of new environmentally friendly behaviours - Results of two field experiments,2002,0,environment,assistance,commitment,conventional_lab,90,45,45,1,0.311,,0.533,,0.4541,0.0456,0,0.035566223318055,0.872633776681945,0,0.2,0,0.4045199174779453,0.9272952180016122,0.004940106884121333,0.0492215356740481,0.49245903921334416,1.3621313967898803,0.7111111111111111,0.4222222222222222,0.45836776730155226,0.49949469416095865,-0.592085206,0.010691798194543299,0.04639202717509198,-1.014238096,-0.169932317,0.08888888888888889,0.022222222222222223,0.28779903201415175,0.149071198499986,-0.306234085,0.35738571603752656,0.04496544063625597,-0.721845548,0.10937737893204041,0.044444444444444446,0,0.2084090771399928,0,-0.424824427,0.47454914344940136,0.04544708774545981,-0.842655872,-0.006992983
Everett_1,Everett et al. (2015),Doing good by doing nothing? The role of social norms in explaining default effects in altruistic context,2015,1,environment,structure,default,artefactual_field,150,75,75,1,0.11,,0.23,,0.3242,0.027,1,0.0021450541309117,0.6462549458690883,0.04,0.16,0.19727878476642866,0.36907481113754725,0.42031785055431453,0.029456385632571372,0.027255556984982,0.0967423573647182,0.7438933437439108,0.14666666666666667,0.5333333333333333,0.3561556497471953,0.5022472023339225,0.8514920894248512,1.3919644636025463e-06,0.02908346259451033,0.5172422967248267,1.1857418821248757,0,0.04,0,0.19727878476642843,0.4027158415806616,0.24344318619312932,0.02720726683020007,0.07942712363360616,0.726004559527717,0,0.06666666666666667,0,0.2511236011669613,0.5223148218060486,0.06884504460751978,0.027576042576927615,0.19684250040686213,0.8477871432052351
Lofgren_1,Lofgren et al. (2012),Are experienced people affected by a pre-set default option: Results from a field experiment,2012,0,environment,structure,default,natural_field,160,80,80,1,0.393,,0.468,,0.1516,0.0251,1,-0.158916693,0.4621166926260528,0.075,0.2,0.2650531353464097,0.4025236843413018,0.3724841850215408,0.038818912745703045,0.02543357646278488,0.05991093497483019,0.6850574350682515,0.2875,0.35,0.45545220260830804,0.47997890248993547,0.134269231594363,0.49738362792548274,0.02505633820797794,-0.175977269,0.44451573265977723,0.1125,0.075,0.3179742048291164,0.2650531353464095,-0.129270199,0.5875079901234885,0.02505222120094293,-0.439491211,0.1809508129011354,0,0.025,0,0.15710997518871123,0.3175604292915214,0.47673228709241666,0.025315139457036926,0.005715811309526364,0.6294050472735164
Ebeling_1,Ebeling & Lotz (2015),Domestic uptake of green energy promoted by opt-out tariffs,2015,0,environment,structure,default,natural_field,41952,20976,20976,1,0.072,,0.691,,1.4194,0.0001,1,1.3998003601545994,1.4389996398454006,0.1,0.92,0.3030457633656631,0.2740475156178699,1.9245784403734123,1.2281230945909442e-15,0.05852001086575078,1.450445324120862,2.3987115566259627,0.5,0.84,0.5050762722761054,0.37032803990902047,0.7477626346599202,0.0006671976918530193,0.04279574478896773,0.34230228973361954,1.153222979586221,0,0.04,0,0.19794866372215753,0.4027158415806616,0.47505052405395287,0.040810900245300104,0.006769642296243494,0.7986620408650797,0,0.1,0,0.3030457633656631,0.6435011087932844,0.0664574200169312,0.04207046838509093,0.2414911936560568,1.0455110239305119
Lofgren_2,Lofgren et al. (2012),Are experienced people affected by a pre-set default option: Results from a field experiment,2012,0,environment,structure,default,natural_field,160,80,80,1,0.393,,0.432,,0.0792,0.025,1,-0.230697516,0.3890975161522808,0.1375,0.5,0.3465471637582119,0.5031546054266276,0.8110343942875817,2.0312995027285614e-06,0.027055552464741953,0.48864830484755073,1.1334204837276127,0.2375,0.7125,0.4282360049661486,0.4554522026083081,0.9916769987065441,4.697731878810755e-09,0.02807319771801131,0.6632838912896181,1.3200701061234703,0.125,0.5,0.33280548924392167,0.5031546054266276,0.8480620789814811,7.565421174112979e-07,0.027247529030644976,0.5245342428732254,1.1715899150897369,0,0.25,0,0.4357446703305951,1.0471975511965979,5.575776173232623e-06,0.028426945972600474,0.7167418925193081,1.3776532098738876
Pichert_2,Pichert & Katsikopoulos (2008),Green defaults: Information presentation and pro-environmental behaviour,2008,0,environment,structure,default,conventional_lab,152,75,77,1,0.4133,,0.6753,,0.5325,0.0273,0,0.2086608025501705,0.8563391974498294,0.16,0.987012987012987,0.36907481113754737,0.113960576459638,2.090141567088696,2.9774269076457294e-24,0.040691042933741026,1.6947772214515826,2.4855059127258095,0.21333333333333335,0.7272727272727273,0.41241979837307763,0.4482822077654242,1.0824303323157412,6.327257430997329e-10,0.030174476005600154,0.7419688704561997,1.4228917941752826,0.2,0.7272727272727273,0.40269363312841433,0.4482822077654242,1.1153629460729264,2.1306304503424252e-10,0.030412565075189996,0.7735609326674716,1.4571649594783813,0.04,0.18181818181818182,0.19727878476642866,0.3882237799894315,0.4783054844287354,0.011863152935271019,0.027072899400723317,0.15581606102903184,0.8007949078284389
Mertens_1,Mertens et al. (2020),"This way, please: Uncovering the directional effects of attribute translations on decision making",2020,0,environment,information,translation,artefactual_field,193,104,89,1,0.5053667,,0.7558494,,0.5264,0.0216,0,0.2383452994186813,0.8144547005813185,0.25,0.6179775280898876,0.4351096279669235,0.48863487896774277,0.7618000333535122,5.237821599492162e-07,0.022354809336894474,0.4687555324459732,1.0548445342610513,0.038461538461538464,0.14606741573033707,0.19323896987207792,0.3551747904442394,0.3895339460426699,0.01756878569377298,0.021244439917988158,0.10385993407507421,0.6752079580102656,0,0.0898876404494382,0,0.2876412474452673,0.608992581494762,0.005767809585714797,0.02181214786927334,0.3195267496066017,0.8984584133829223,0,0.033707865168539325,0,0.18149869785703643,0.3692888582584859,0.19243914637924106,0.021204640865434485,0.08388256068925848,0.6546951558277133
Kesternich_1,Kesternich et al. (2019),The power of active choice: Field experimental evidence on repeated contribution decisions to a carbon offsetting program,2019,0,environment,structure,default,natural_field,9733,4838,4895,1,0.177,,0.265,,0.213,0.0004,0,0.1738007203091989,0.2521992796908011,0.32,0.64,0.4712120714991611,0.4848732213850611,0.6520620026449679,0.0026785742321020073,0.04212592427646683,0.2497872167190709,1.054336788570865,0.34,0.48,0.4785181206984064,0.5046720495044484,0.28571881294064116,0.22249311088995272,0.040408176200341046,-0.108268934,0.679706560076212,0.26,0.46,0.4430874976934521,0.5034574339058886,0.4205691323709291,0.060792723530523014,0.04088439197551618,0.024266586097172804,0.8168716786446854,0,0.04,0,0.19794866372215753,0.4027158415806616,0.47505052405395287,0.040810900245300104,0.006769642296243494,0.7986620408650797
Arana_1,Arana & Leon (2012),Can defaults save the climate? Evidence from a field experiment on carbon offsetting programs,2012,0,environment,structure,default,natural_field,1680,856,824,1,0.45,,0.57,,0.2406,0.0024,0,0.1445817664728938,0.3366182335271062,0.44,0.9,0.5014265364224069,0.303045763365663,1.0475851003964003,2.8865230986755117e-06,0.04548717271286268,0.6295694298214045,1.465600770971396,0.58,0.72,0.49856938190328975,0.45355736761107274,0.29490802044391273,0.2084128036841447,0.04043485370261074,-0.099209761,0.6890258015948911,0.1,0.6,0.303045763365663,0.49487165930539356,1.1286531387919432,4.859791358328688e-07,0.046369289538524525,0.7066037147820473,1.5507025628018392,0.08,0.3,0.2740475156178697,0.4629100498862757,0.5857663763043117,0.01080125661591256,0.041715611238043425,0.1854554936755367,0.9860772589330867
Yeomans_2,Yeomans & Herberich (2014),An experimental test of the effect of negative social norms on energy-efficient investments,2014,1,environment,information,social_reference,framed_field,77,32,45,1,0.031,,0.111,,0.3253,0.0542,0,-0.130997127,0.7815971269705975,0.53125,0.7777777777777778,0.5070073486774164,0.420437482591261,0.5264902084197827,0.042370739113379983,0.055272169881715114,0.0657020092099736,0.9872784076295917,0.875,0.9777777777777777,0.3360107525161235,0.14907119849998599,0.4234764290943809,0.18203158613609444,0.05463671758584902,-0.034655321,0.8816081794718609,0.21875,0.044444444444444446,0.42001344064515445,0.20840907713999268,-0.548565483,0.046998755207558224,0.055426274746752685,-1.009995599,-0.087135367,0.3125,0.4444444444444444,0.47092907485988494,0.5025189076296062,0.27305576015467503,0.35083599715034786,0.05395637448296019,-0.182214699,0.7283262189923234
Kuester_1,Kuester et al. (2015),The role of defaults in preventing innovation rejection,2015,0,environment,structure,default,artefactual_field,240,120,120,1,0.317,,0.9,,1.302,0.0202,0,1.0234367788489993,1.5805632211510008,0.775,0.975,0.4193332041878558,0.1567795647805321,0.6708716596346314,7.15111767906766e-06,0.017604309966043594,0.41082121875576716,0.9309221005134956,0.5083333333333333,0.95,0.5020267047926141,0.21885876647707198,1.1031020766305621,4.2456287373673896e-14,0.019201737898888873,0.8315092095954661,1.3746949436656581,0.06666666666666667,0.325,0.2504897164340596,0.4703386943415968,0.6909104013433379,1.0620999591452208e-06,0.01766116079725919,0.43044039936935125,0.9513804033173245,0.475,0.6083333333333333,0.5014684319429237,0.49016946706478665,0.26841958476136973,0.051985859655754224,0.016816768903090553,0.01425246407430708,0.5225867054484323
Handgraaf_1,Handgraaf et al. (2013),Public praise vs. private pay: Effects of rewards on energy conservation in the workplace,2013,0,environment,information,visibility,framed_field,32,16,16,0,0.43,4.27,3.74,6.05,0.6321,0.1312,0,-0.077829149,1.342029149475544,16.375,63.5625,18.080837001274766,20.76204469699456,2.423892373769389,1.4484371670200058e-07,0.21680084749402195,1.5112963361164349,3.3364884114223434,15.9375,26.375,8.797490172391973,14.338177476002079,0.8774739953584771,0.02017832951162361,0.137030634570787,0.1519414048587373,1.603006585858217,19.25,85.1875,21.53292053267895,6.177580432499442,4.162646441319319,9.88496917624737e-10,0.3957441468035687,2.9296684027976916,5.395624479840947,40.9375,59.6875,9.168560410446124,9.911062842433534,1.9639610121239313,4.960508626221273e-06,0.18526785714285712,1.120338558645761,2.8075834656021015
Klotz_1,Klotz et al. (2010),Unintended anchors: Building rating systems and energy performance goals for U.S. buildings,2010,1,environment,structure,default,artefactual_field,52,20,32,0,29,17.6,54,20,1.3073,0.0977,0,0.6946740727149918,1.919925927285008,27.75,55,3.024026594146497,7.184212081070996,4.575149654626275,4.129636729524698e-23,0.28251917655987424,3.533379150719022,5.616920158533527,23.75,56.40625,3.5817519970568945,15.721075591127201,2.5970929969460173,2.2343086889589066e-13,0.14610473110371197,1.847923251131694,3.3462627427603406,26.15,63.28125,9.521582133017047,9.47061456942371,3.9126652591873388,9.099309566523527e-17,0.22845143683126468,2.975869237037528,4.849461281337149,17.5,41.875,3.8044295512634103,9.651174088696285,3.064886240626916,2.119430911572204e-16,0.1715723814229249,2.253043744815942,3.87672873643789
Shealy_1,Shealy & Klotz (2015),Well-endowed rating systems: How modified defaults can lead to more sustainable performance,2015,1,environment,structure,default,conventional_lab,41,25,16,0,44.68,19.8,62.39,19.36,0.9021,0.1124,0,0.2450003337042243,1.5591996662957757,75.08,79,2.7525745524266316,4.979959839195493,1.040222423131438,0.008985359354080702,0.11569588645835903,0.373558352138041,1.7068864941248352,65.24,73,10.23588458968414,4.604345773288535,0.9105513986158512,0.0021688256109614387,0.1126110225551376,0.252835193933453,1.5682676032982494,61.52,80.0625,6.621429855653033,5.755794182097434,2.9420496718503006,3.047743185356096e-11,0.20805678380042025,2.0480465581334775,3.836052785567124,52.6,66.25,10.012492197250394,8.266397845091497,1.455306924813285,3.217296818095512e-05,0.12832827128548172,0.7531902894356277,2.157423560190942
Dickerson_1,Dickerson et al. (1992),Using cognitive dissonanace to encourage water conservation,1992,1,environment,assistance,commitment,framed_field,40,20,20,0,301.8,142.32,247.7,104.05,0.434,0.1024,0,-0.193188475,1.061188475052817,295.6,270.5,16.23316942,13.16894273,1.698163048,4.67E-06,0.136046972,0.975239235,2.421086862,297.5,269.25,19.22854238,13.59905182,1.696350923,5.68E-06,0.135970081,0.973631429,2.419070416,271,246,59.90343106,26.83281573,0.538636695,0.100285979,0.103626619,-0.092297048,1.169570438,246,236.5,19.02906364,21.34306247,0.469850588,0.145689588,0.102759495,-0.158437855,1.098139031
Dickerson_2,Dickerson et al. (1992),Using cognitive dissonanace to encourage water conservation,1992,1,environment,assistance,reminder,framed_field,40,20,20,0,301.8,142.32,248.3,146.07,0.371,0.1017,0,-0.254041088,0.9960410883010752,299.25,269,17.71670339,23.14712668,1.467624542,4.58E-05,0.126924022,0.769359975,2.165889109,291,271.75,26.4873356,11.1538287,0.94723812,0.006021168,0.111215751,0.293609229,1.60086701,270,297.5,47.68316485,7.863975157,-0.804739482,0.019275543,0.10809507,-1.44913281,-0.160346153,247.5,254,36.83176547,11.42481141,-0.23837324,0.458742348,0.100710273,-0.860365494,0.383619015
Mertens_2,Mertens et al. (2020),"This way, please: Uncovering the directional effects of attribute translations on decision making",2020,0,environment,information,translation,artefactual_field,168,79,89,1,0.4976636,,0.7251521,,0.4718,0.0246,0,0.1643916608335494,0.7792083391664506,0.0379746835443038,0.7303370786516854,0.19235637163825509,0.4462990473127609,1.6572991970265456,3.0267192230558155e-19,0.032068708584235904,1.3063139787349736,2.0082844153181174,0.0379746835443038,0.21348314606741572,0.19235637163825503,0.41208753793006486,0.5683417509504884,0.00170931659490765,0.0248555291717616,0.25934095519118344,0.8773425467097935,0.012658227848101266,0.16853932584269662,0.11250879009260244,0.37646547155989396,0.6205872965061766,0.0015134869097323087,0.0250403989536407,0.31043949071970484,0.9307351022926484,0.0379746835443038,0.10112359550561797,0.19235637163825509,0.3032004969797107,0.2549853973832747,0.19838653365647627,0.024087687525943858,-0.049205102,0.5591758964404624
Mertens_5,Mertens et al. (2020),"This way, please: Uncovering the directional effects of attribute translations on decision making",2020,0,environment,information,translation,artefactual_field,171,79,92,1,0.4976636,,0.5621891,,0.1294,0.0236,0,-0.171695381,0.4304953805165089,0.0379746835443038,0.5760869565217391,0.19235637163825509,0.4968847048741672,1.3313120251553472,2.6320547707245267e-13,0.028710224961174535,0.9992139268150879,1.6634101234956065,0.05063291139240506,0.17391304347826086,0.2206478908203438,0.3811116087047687,0.4064255601583348,0.023682107507888888,0.024010780597510162,0.10272105752780619,0.7101300627888634,0,0.021739130434782608,0,0.14662959759729013,0.2959629214975675,0.5452577822152807,0.023783916021344546,-0.006303408,0.5982292510661159,0.012658227848101266,0.05434782608695652,0.11250879009260246,0.227944972865301,0.24508743673445477,0.289004254733901,0.023703430058606798,-0.056667017,0.5468418906855793
Bamberg_3,Bamberg (2002),Effects of implementation intention on the actual performance of new environmentally friendly behaviours - Results of two field experiments,2002,0,environment,assistance,commitment,conventional_lab,160,81,79,1,0.543,,0.608,,0.1316,0.0251,0,-0.178916693,0.4421166926260528,0.04938271604938271,0.4177215189873418,0.21801574300387297,0.4963351570468689,0.9573013088547997,9.439244293905702e-08,0.027867737472744174,0.630112119046424,1.2844904986631756,0.8024691358024691,0.7215189873417721,0.4006168083848881,0.451115678517262,-0.190703801,0.3090583165407862,0.025117556672403587,-0.501329073,0.1199214707566052,0.43209876543209874,0.379746835443038,0.49845440124795465,0.4884249271331114,-0.106664068,0.607861850757476,0.025039460683253984,-0.416806063,0.20347792755956712,0.012345679012345678,0.0379746835443038,0.11111111111111112,0.19235637163825509,0.16956970454277026,0.5949132111811997,0.025093762750130453,-0.140908405,0.4800478136920214
Bamberg_2,Bamberg (2002),Effects of implementation intention on the actual performance of new environmentally friendly behaviours - Results of two field experiments,2002,0,environment,assistance,commitment,conventional_lab,159,79,80,1,0.342,,0.5,,0.3215,0.0255,0,0.0085188505233898,0.6344811494766102,0.05063291139240506,0.35,0.2206478908203439,0.4799789024899354,0.8121815146961575,6.493990693035031e-06,0.027232563737453922,0.4887425371758881,1.135620492216427,0.6708860759493671,0.575,0.47289395426789127,0.4974619125424374,-0.198233683,0.27856855429767896,0.02528180204057265,-0.5098729,0.11340553347826254,0.21518987341772153,0.1625,0.4135799329292692,0.3712363878934859,-0.134920952,0.5180577716208903,0.025215472072135765,-0.446151088,0.17630918425723158,0,0.025,0,0.15710997518871142,0.3175604292915214,0.4822680399227033,0.025475349314301943,0.004730594822861367,0.6303902637601815
Mertens_3,Mertens et al. (2020),"This way, please: Uncovering the directional effects of attribute translations on decision making",2020,0,environment,information,translation,artefactual_field,164,79,85,1,0.4976636,,0.6220044,,0.2512,0.0246,0,-0.056208339,0.5586083391664505,0.08860759493670886,0.5882352941176471,0.28599235321145156,0.49507377148833753,1.1436931763938518,5.7686582659977995e-11,0.02841084251621597,0.8133311301668835,1.4740552226208201,0.11392405063291139,0.7176470588235294,0.3197491714129678,0.45281565433046,1.3325856435614805,1.9732887592941e-14,0.029836910856753492,0.9940339275815728,1.671137359541388,0,0.10588235294117647,0,0.3095130357961216,0.662860316337063,0.008491934186395652,0.025762518483425156,0.34827224620176844,0.9774483864723575,0.02531645569620253,0.2235294117647059,0.15808822141886283,0.4190826315905257,0.6653251581052255,0.0003681580204527076,0.025772499480477815,0.350676154514532,0.979974161695919
Camilleri_1,Camilleri & Larrick (2014),Metric and scale design as choice architecture tools,2014,1,environment,information,translation,artefactual_field,282,141,141,1,0.587,,0.751,,0.351,0.0144,1,0.1158043218551935,0.5861956781448064,0.10638297872340426,0.3546099290780142,0.3094263738776379,0.48010046230003706,0.6112685286785036,1.528494440324089e-06,0.014846895769774437,0.37245115344226515,0.8500859039147419,0.06382978723404255,0.2127659574468085,0.24532095471171778,0.4107225451792748,0.4480150460724539,0.0005605863154628101,0.01454027922253068,0.21167655180047543,0.6843535403444324,0.12056737588652482,0.8156028368794326,0.32678471080174315,0.38919031113018343,1.5446756180010477,5.444401448509116e-31,0.018414933980225034,1.2787052990351235,1.8106459369669718,0,0.014184397163120567,0,0.11867215360195867,0.23876327102054756,0.4779350568246513,0.014285474999270268,0.0045047302077264595,0.47302181183336867
Nelson_1,Nelson et al. (2019),Nudging tourists to donate for conservation: Experimental evidence on soliciting voluntary contributions for coastal management,2019,0,environment,structure,default,framed_field,275,146,129,1,0.48,,0.68,,0.4083,0.0149,0,0.169055906178768,0.647544093821232,0.11643835616438356,0.5891472868217055,0.3218539821549562,0.4939066697763986,1.0535976739330903,3.9100575682663577e-16,0.01661955861392967,0.800925257485384,1.3062700903807967,0.6301369863013698,0.7131782945736435,0.48442925721230806,0.45404085804605016,0.1771551429207121,0.18282692330932193,0.014658314770558834,-0.060140691,0.4144509763689086,0.13013698630136986,0.11627906976744186,0.3376122777252854,0.3218090217996191,-0.042178327,0.8690545515403394,0.014604487618883335,-0.27903807,0.19468141617241047,0.03424657534246575,0.37209302325581395,0.18248792351706508,0.4852474794154727,0.93984436956712,4.058352625537025e-12,0.01620726657845658,0.6903257386852696,1.1893630004489704
Nelson_2,Nelson et al. (2019),Nudging tourists to donate for conservation: Experimental evidence on soliciting voluntary contributions for coastal management,2019,0,environment,structure,default,framed_field,264,127,137,1,0.19,,0.32,,0.3005,0.0153,0,0.0580658440800469,0.5429341559199531,0.11811023622047244,0.4306569343065693,0.32401678450416677,0.49698532996984746,0.7300138011280514,3.546459854905642e-08,0.016182604286625383,0.48068508641861474,0.979342515837488,0.5511811023622047,0.635036496350365,0.49934340089861756,0.48318661004710284,0.17092702869139487,0.20725242098966395,0.01522861924742054,-0.070940939,0.4127949962584043,0.2283464566929134,0.1386861313868613,0.4214294717387993,0.34688703348125255,-0.233224997,0.0840761375632568,0.015276304569757046,-0.475471349,0.009021354526158487,0,0.145985401459854,0,0.35438733349014745,0.7840928179964773,2.1755988653393467e-05,0.01633768269078491,0.5335722893322231,1.0346133466607315
Nelson_3,Nelson et al. (2019),Nudging tourists to donate for conservation: Experimental evidence on soliciting voluntary contributions for coastal management,2019,0,environment,structure,default,framed_field,198,101,97,1,0.45,,0.59,,0.2812,0.0204,0,0.0012611496377107,0.5611388503622893,0.16831683168316833,0.5876288659793815,0.3760134819575776,0.4948185130173911,0.9014760637453499,2.6862705736895816e-09,0.02226243787757034,0.6090376285919872,1.1939144988987127,0.4752475247524752,0.7216494845360825,0.5018776625023394,0.4505151690296049,0.5088008815452258,0.0007058942292299636,0.02086400162392233,0.22569630179916628,0.7919054612912855,0.32673267326732675,0.1134020618556701,0.4713578447652931,0.3187308379793798,-0.529990952,0.0005849196179287162,0.02091958766403273,-0.813472405,-0.246509498,0.009900990099009901,0.20618556701030927,0.09950371902099872,0.4066669483408408,0.7433337816372867,2.1074836399804503e-05,0.021605584386200086,0.45524184715001303,1.0314257161245604
Camilleri_3,Camilleri & Larrick (2014),Metric and scale design as choice architecture tools,2014,1,environment,information,translation,artefactual_field,283,142,141,1,0.672,,0.751,,0.1747,0.0142,1,-0.058856664,0.4082566639037657,0.16901408450704225,0.03546099290780142,0.3760909612683318,0.18560124375085482,-0.468465877,0.0004513040006251608,0.014522191110127316,-0.704657323,-0.232274431,0.06338028169014084,0.09219858156028368,0.24450815393137112,0.2903374691595515,0.10804077972447368,0.49443256788192746,0.014155075442057137,-0.12514614,0.3412276991999905,0.2605633802816901,1,0.4404958113129308,0,2.070167093355905,3.045156692491487e-37,0.021706169053947885,1.7814053324252617,2.3589288542865483,0,0.02127659574468085,0,0.1448193508371713,0.2927745185884982,0.24319814965682274,0.01428589542200635,0.05851253067671569,0.5270365065002807
Rosenkranz_1,Rosenkranz et al. (2017),Using behavioral insights to make firms more energy efficient: A field experiment on the effects of improved information,2017,0,environment,structure,effort,natural_field,339,170,169,1,0.14,,0.46,,0.7115,0.0125,0,0.4923693648558546,0.9306306351441452,0.22941176470588234,0.4319526627218935,0.421696637760657,0.49681998045966247,0.43531719268260594,0.00011872034515071346,0.012079012790397256,0.21990820905158673,0.6507261763136252,0.2411764705882353,0.7337278106508875,0.42906093073516666,0.44332181876800664,1.0305089668220038,3.150286275900149e-19,0.013365808767470249,0.8039163720941322,1.2571015615498753,0.5058823529411764,1,0.5014424025934496,0,1.5590313495068067,2.220505997281921e-25,0.015384437112668568,1.3159291453870687,1.8021335536265446,0.04,0.18181818181818182,0.19727878476642866,0.3882237799894315,0.4783054844287354,0.011863152935271019,0.012136940634334634,0.26238059550667125,0.6942303733507995
Mertens_6,Mertens et al. (2020),"This way, please: Uncovering the directional effects of attribute translations on decision making",2020,0,environment,information,translation,artefactual_field,183,104,79,1,0.5053667,,0.534279,,0.0579,0.0223,0,-0.234785038,0.3505850383970438,0.2403846153846154,0.8227848101265823,0.4293863833062045,0.38429067760552615,1.2477195500725882,1.9109141053465423e-14,0.02652717551166441,0.9284969751230956,1.5669421250220807,0.028846153846153848,0.7974683544303798,0.16818452471614462,0.40445426464663137,1.866645458402318,4.1154661965613955e-26,0.031793736144835605,1.5171682371755257,2.2161226796291102,0,0.02531645569620253,0,0.15808822141886303,0.3195811576716618,0.36080445689182994,0.022552661961679214,0.025242709243962325,0.6139196060993612,0,0.10126582278481013,0,0.3036080768519889,0.6477087278035515,0.0031405833347430247,0.023419859993739692,0.34776468676860645,0.9476527688384966
Ebeling_2,Ebeling & Lotz (2015),Domestic uptake of green energy promoted by opt-out tariffs,2015,1,environment,structure,default,artefactual_field,290,145,145,1,0.3416,,0.938,,1.3899,0.0171,1,1.1336014517523176,1.6461985482476822,0.2482758620689655,0.593103448275862,0.4335101319263003,0.4929580741150804,0.7148851993431042,5.591106200731208e-09,0.01467424284179281,0.47746047526910934,0.9523099234170991,0.41379310344827586,0.7862068965517242,0.49421945890790053,0.41140354101929916,0.7827262533861508,2.1130855048021564e-10,0.014849414461620553,0.5438886220008619,1.0215638847714397,0.006896551724137931,0.04827586206896552,0.08304547985373997,0.2150915335760378,0.27676768966644616,0.07302629732380667,0.01392517302421259,0.04548219780940524,0.5080531815234871,0.013793103448275862,0.06896551724137931,0.11703554164296774,0.25427381385780407,0.2960267981853406,0.03902928681122766,0.01394419287111011,0.06458340834197943,0.5274701880287018
Mertens_4,Mertens et al. (2020),"This way, please: Uncovering the directional effects of attribute translations on decision making",2020,0,environment,information,translation,artefactual_field,188,104,84,1,0.5053667,,0.572697,,0.1352,0.0216,0,-0.152854701,0.4232547005813186,0.2980769230769231,0.5714285714285714,0.45962854762556093,0.49784388818701386,0.5590647752314903,0.00028727443467421976,0.0223514056236163,0.2660425844544895,0.8520869660084912,0.04807692307692308,0.13095238095238096,0.2149647834019843,0.33937440336141034,0.2984323498687386,0.07811520313212723,0.021757013188891672,0.00933259160798472,0.5875321081294925,0,0.023809523809523808,0,0.15337099490085804,0.30984463974162696,0.3859016516612245,0.021775475511573696,0.02062224697311449,0.5990670325101395,0.009615384615384616,0.03571428571428571,0.09805806756909202,0.18669145807012988,0.18381941513908615,0.46870751991828774,0.021610012417439275,-0.10430204,0.4719408701129941
Kuester_2,Kuester et al. (2015),The role of defaults in preventing innovation rejection,2015,0,environment,structure,default,conventional_lab,65,34,31,1,0.5,,0.71,,0.4334,0.0631,0,-0.058937335,0.9257373351532456,0.3235294117647059,0.967741935483871,0.4748580799338171,0.1796053020267749,1.5703386187770254,3.086562295715275e-07,0.08063877828064628,1.0137682763079117,2.126908961246139,0.3235294117647059,0.8387096774193549,0.4748580799338171,0.373878250552983,1.1049614301695148,8.19263362589457e-05,0.07106167354633645,0.5824860789252092,1.6274367814138202,0,0.6774193548387096,0,0.4751909633114915,1.933537872026866,2.583056528180734e-08,0.09042805001095124,1.34415206429755,2.5229236797561816,0.08823529411764706,0.6774193548387096,0.28790224128123637,0.4751909633114914,1.3303464664171962,3.178720730235074e-06,0.0752838424582323,0.7925734839544071,1.8681194488799853
Gong_1,Gong et al. (2017),Testing the scenario hypothesis: An experimental comparison of scenarios and forecasts for decision support in a complex decision environment,2017,1,environment,information,translation,conventional_lab,175,88,87,1,0.08,,0.25,,0.4737,0.0235,0,0.1732432106170474,0.7741567893829526,0.36363636363636365,0.9885057471264368,0.483802424331383,0.10721125348377931,1.6321875401754102,4.8041788013391295e-18,0.030469421140924886,1.2900661777859068,1.9743089025649136,0.8295454545454546,0.9655172413793104,0.37818656555978575,0.18352338815966723,0.4776280807817006,0.006692522794097331,0.02350968519020304,0.1771093832841114,0.7781467782792898,0.8522727272727273,0.5287356321839081,0.3568628548597952,0.5020673646029037,-0.724279481,7.849100969734015e-06,0.024356691425428283,-1.030163817,-0.418395144,0.9318181818181818,1,0.2535021161332041,0,0.5283572642902503,0.03911730525082143,0.02365549323356609,0.22690809255486027,0.8298064360256403
Hilton_1,Hilton et al. (2014),A tax can nudge: The impact of an environmentally motivated bonus/malus fiscal system on transport preferences,2014,0,environment,assistance,reminder,conventional_lab,863,434,429,1,0.302,,0.452,,0.311,0.0047,0,0.1766316389276761,0.4453683610723238,0.3870967741935484,0.7412587412587412,0.4876482233017355,0.43845448692213285,0.7312974454707757,2.0232583889116214e-25,0.004944996814836459,0.5934714623157193,0.869123428625832,0.3317972350230415,0.2727272727272727,0.4714020122727367,0.44588175030957783,-0.128764486,0.06954451719545128,0.00464475599164009,-0.262340827,0.004811854762497181,0,0.8321678321678322,0,0.37415351163823785,2.2974009719040063,3.126361088983268e-135,0.007693116902874345,2.1254917173969328,2.46931022641108,0.532258064516129,0.6107226107226107,0.4995341642829395,0.4881556841222172,0.1587352681538654,0.023821644169864542,0.004649748223645148,0.025087161815883607,0.2923833744918472
Broman_1,Broman et al. (2014),"The importance of framing for consumer acceptance of the smart Grid: A comparative study of Denmark, Norway, and Switzerland",2014,0,environment,structure,default,artefactual_field,945,473,472,1,0.47,,0.74,,0.5607,0.0044,1,0.4306906972134141,0.6907093027865858,0.5644820295983086,0.5423728813559322,0.4963495942353183,0.4987298993132101,-0.044476714,0.5364868508225061,0.0042338556277131635,-0.172007816,0.08305438867891288,0.9936575052854123,1,0.07947087351340472,0,0.15944841596592418,0.2482122163579196,0.004246260717290958,0.0317306188998758,0.28716621303197254,0.2029598308668076,0.1864406779661017,0.40262869359801867,0.3898750966056357,-0.041726644,0.5761179714143082,0.004233730196353445,-0.169255857,0.08580256959989982,0.021141649048625793,0.5699152542372882,0.14400876495742526,0.49561301896249,1.4192486526653036,9.054028249402651e-76,0.005298558569533412,1.2765805253421396,1.5619167799884677
Camilleri_4,Camilleri & Larrick (2014),Metric and scale design as choice architecture tools,2014,1,environment,information,translation,artefactual_field,323,162,161,1,0.552,,0.57,,0.0363,0.0124,1,-0.181952353,0.2545523525110489,0.5740740740740741,0.9937888198757764,0.49601587276189674,0.07881104062390995,1.2643151236650434,1.8969057991794397e-19,0.014858466583845596,1.025404706310541,1.5032255410195459,0.16666666666666666,0.20496894409937888,0.3738335897094206,0.40493845863230077,0.09859188542969233,0.45813057640167454,0.012399066627103224,-0.119652253,0.3168360236397708,0.6234567901234568,0.8757763975155279,0.486021139263253,0.3308656066886387,0.6009188996569421,3.3522045126873274e-07,0.012943003413623855,0.377939047137618,0.8238987521762662,0.006172839506172839,0.037267080745341616,0.07856742013183864,0.19000653797185407,0.23123594817099172,0.12434224306869696,0.01246679062687715,0.012396594261864874,0.4500753020801186
Yeomans_1,Yeomans & Herberich (2014),An experimental test of the effect of negative social norms on energy-efficient investments,2014,1,environment,information,social_reference,framed_field,77,43,34,1,0.326,,0.676,,0.7151,0.056,0,0.2512878678183686,1.1789121321816314,0.5813953488372093,0.8529411764705882,0.4991687442297913,0.3594906279535708,0.6201496319533426,0.01956782427945116,0.05516488752957765,0.15980884102438808,1.0804904228822971,0.8837209302325582,0.9705882352941176,0.3243530062242881,0.17149858514250882,0.35125370022838487,0.3250987478716497,0.05346874204848846,-0.101954829,0.8044622292451995,0.32558139534883723,0.08823529411764706,0.47413732351544263,0.2879022412812364,-0.611274834,0.026636675684470795,0.05509392231042247,-1.071319433,-0.151230234,0.5581395348837209,0.6764705882352942,0.5024855165595914,0.4748580799338171,0.24417001191418608,0.4110633381393599,0.05305471498870951,-0.207280432,0.6956204553437955
Hedlin_2,Hedlin & Sunstein (2016),Does active choosing promote green energy use? Experimental evidence,2016,1,environment,structure,default,artefactual_field,1037,345,346,1,0.69,,0.76,,0.1571,0.0058,1,0.0078335899807799,0.30636641001922,0.6405797101449275,0.8786127167630058,0.4805274598848693,0.32704976399268376,0.5740525843633459,4.690620861721456e-13,0.0060271730276719995,0.42189103537346373,0.7262141333532282,0.463768115942029,0.9479768786127167,0.4994098303313763,0.2223952859931332,1.1831012989205454,7.430351287195591e-44,0.006801552415438458,1.0214600804127048,1.344742517428386,0.21739130434782608,0.6878612716763006,0.4130700858866429,0.46403715912251453,0.9858730722282054,5.13005312394921e-35,0.006492013364090555,0.8279528328617778,1.143793311594633,0.2492753623188406,0.8497109826589595,0.43322183626900773,0.35787201622224285,1.2998614715485222,3.8611777488461825e-56,0.007011328943447725,1.1357464770641812,1.4639764660328631
Dinner_2,Dinner et al. (2011),Partitioning default effects: Why people choose not to choose,2011,1,environment,structure,default,artefactual_field,190,95,95,1,0.202,,0.438,,0.5142,0.0217,1,0.2254792761004805,0.8029207238995194,0.6631578947368421,1,0.4751377474578824,0,1.2383929469069408,1.8615001978931547e-09,0.025088466028812782,0.9279476069128159,1.5488382869010657,0.6105263157894737,0.9263157894736842,0.4902178595604476,0.26264227200873946,0.7981075102479953,6.120516409880282e-07,0.02272888315240593,0.5026213537696658,1.0935936667263249,0.30526315789473685,0.631578947368421,0.4629618846157238,0.4849354328363277,0.6663541028293642,1.2913532545982154e-05,0.022221125764098754,0.37418713075303484,0.9585210749056936,0.6631578947368421,0.8105263157894737,0.47513774745788234,0.3939634080131087,0.33768164811032375,0.03221266893970406,0.021352707619659222,0.05128062326711097,0.6240826729535365
Broman_3,Broman et al. (2014),"The importance of framing for consumer acceptance of the smart Grid: A comparative study of Denmark, Norway, and Switzerland",2014,0,environment,structure,default,artefactual_field,901,451,450,1,0.58,,0.76,,0.3862,0.0045,1,0.2547216189135127,0.5176783810864872,0.6784922394678492,0.9177777777777778,0.4675738200133331,0.27500871732600785,0.6241055362428123,7.867931879914166e-19,0.00465567013041783,0.4903723500520401,0.7578387224335845,0.9933481152993349,1,0.08137764292889253,0,0.16329955836795929,0.24821212994587766,0.004454315538516744,0.03249027079406394,0.2941088459418546,0.4878048780487805,0.38666666666666666,0.5004063389536955,0.48752819574677636,-0.204261239,0.002764030465697331,0.004462670648364804,-0.335193151,-0.073329327,0.07538802660753881,0.7377777777777778,0.26430961261934033,0.44033237541813275,1.5101093085589712,1.6517513476909739e-90,0.0057050166362044704,1.3620701702226705,1.6581484468952719
Stikvoort_1,Stikvoort et al. (2016),"Thou shalt not sell nature: How taboo trade-offs can make us act pro-environmentally, to clear our conscience",2016,0,environment,structure,composition,conventional_lab,138,69,69,1,0.36,,0.41,,0.1028,0.029,0,-0.23096984,0.4365698395603318,0.6811594202898551,0.5797101449275363,0.46944127062324287,0.49722160704580637,-0.210651171,0.28998834730131134,0.029146282303663423,-0.545261755,0.12395941355700363,0.5362318840579711,0.6086956521739131,0.5023389453618747,0.4916177168691567,0.1466137227119031,0.491281629504174,0.029063389795968998,-0.187520704,0.48074814938924615,0.6811594202898551,0.30434782608695654,0.46944127062324276,0.4635016284661715,-0.772803109,2.0743888161008146e-05,0.031149364656108274,-1.118720731,-0.426885486,0.2898550724637681,0.21739130434782608,0.45701876893374455,0.41549280511188647,-0.166932018,0.43385457206574607,0.02908647209674821,-0.501199104,0.1673350678173946
Hedlin_1,Hedlin & Sunstein (2016),Does active choosing promote green energy use? Experimental evidence,2016,1,environment,structure,default,artefactual_field,1037,345,346,1,0.69,,0.82,,0.3047,0.0059,1,0.1541523097417455,0.4552476902582545,0.6927536231884058,0.7687861271676301,0.46202248780582916,0.4222194297749114,0.17179781557686002,0.03020843063527261,0.005810080494982234,0.022401748137344107,0.32119388301637597,0.4463768115942029,0.7109826589595376,0.4978382659013045,0.4539624765695931,0.5430650258184055,3.2424698857472903e-12,0.006002124730025768,0.39121998972218064,0.6949100619146305,0.2,0.5924855491329479,0.4005809734361696,0.49208359849369954,0.8295435618220416,1.215244900913059e-25,0.006286656494637385,0.6741410777878448,0.9849460458562384,0.28695652173913044,0.18208092485549132,0.4529981016305587,0.3864700964643579,-0.248930947,0.0015567496803157146,0.005833562496985516,-0.398628609,-0.099233284
Broman_2,Broman et al. (2014),"The importance of framing for consumer acceptance of the smart Grid: A comparative study of Denmark, Norway, and Switzerland",2014,0,environment,structure,default,artefactual_field,956,478,478,1,0.6,,0.79,,0.4174,0.0043,1,0.288876566615326,0.545923433384674,0.702928870292887,0.9288702928870293,0.4574468833804046,0.2573106759918234,0.6129412366841993,4.293766454041242e-19,0.00438059464415688,0.4832189412385748,0.7426635321298238,0.9874476987447699,0.997907949790795,0.11144830985876295,0.04573893537463476,0.13303575135111734,0.12915978946798976,0.004193356961892027,0.0061160598545680345,0.25995544284766664,0.40585774058577406,0.5062761506276151,0.4915717280183224,0.5004844017241893,0.20196776185762944,0.002273361602255835,0.004205434611312646,0.07486542559869463,0.32907009811656424,0.03347280334728033,0.6443514644351465,0.1800561008920142,0.47921089258079563,1.4956839233684858,5.664846941166043e-88,0.005354116317271415,1.3522697770857546,1.639098069651217
Camilleri_2,Camilleri & Larrick (2014),Metric and scale design as choice architecture tools,2014,1,environment,information,translation,artefactual_field,322,161,161,1,0.473,,0.57,,0.1945,0.0125,1,-0.024630635,0.4136306351441454,0.7515527950310559,0.968944099378882,0.43346072343150527,0.17401006610420577,0.6893038378503769,4.638749902894141e-08,0.013160154939247295,0.4644612411897955,0.9141464345109582,0.14285714285714285,0.2919254658385093,0.3510189250087317,0.4560667652986104,0.3663968258821947,0.0018869825169587076,0.012630817754684078,0.14612252807078155,0.5866711236936079,0.5093167701863354,0.6149068322981367,0.5014729855929461,0.48813563434308666,0.2132515998086506,0.07230212451415671,0.012492975535436256,-0.005817456,0.4323206552850403,0,0.024844720496894408,0,0.15613738177508182,0.3165643349627663,0.13119544869345312,0.012577970462997544,0.09675133356950913,0.5363773363560235
Larrick_1,Larrick & Soll (2008),The MPG illusion,2008,1,environment,information,translation,artefactual_field,171,78,93,1,0.25,,0.64,,0.8074,0.0255,0,0.4944188505233898,1.1203811494766105,0.7692307692307693,0.978494623655914,0.424052095644132,0.1458479422322764,0.7078302572959463,6.275217770689739e-05,0.025038182492975847,0.397696178240143,1.0179643363517497,0.5769230769230769,0.989247311827957,0.497245158098847,0.10369516947304266,1.2085729121051592,6.306925984590148e-11,0.027844102992188417,0.8815224954357137,1.5356233287746046,0.9230769230769231,0.13978494623655913,0.26819409376060477,0.34864326633713344,-1.813148817,9.184504335251054e-24,0.0331857993312954,-2.170194866,-1.456102767,0.5641025641025641,1,0.4990834089450873,0,1.442237366753471,4.485872147955549e-12,0.02965521450735111,1.1047180556780298,1.779756677828912
Meng_1,Meng & Trudel (2017),Using emoticons to encourage students to recycle,2017,1,environment,assistance,reminder,conventional_lab,192,96,96,1,0.46,,0.62,,0.3225,0.0211,1,0.0377987862395981,0.6072012137604019,0.7916666666666666,0.875,0.4082482904638633,0.33245498310218435,0.2252354935694778,0.17524424540000225,0.020965445384279913,-0.058556499,0.5090274862352735,0.8333333333333334,0.96875,0.3746343246326782,0.17490598978639324,0.4856474688777066,0.0037289236885417435,0.021447535062571153,0.19861119460516713,0.772683743150246,0.14583333333333334,0.5729166666666666,0.35479176002615387,0.4972512161169887,0.9334895369418986,1.783873704460138e-09,0.023102611238489584,0.6355839651189416,1.2313951087648558,0.5729166666666666,0.90625,0.4972512161169887,0.2930106877878258,0.8020725792950765,3.436163194397755e-07,0.022508646933481917,0.508021494779964,1.096123663810189
Dinner_1,Dinner et al. (2011),Partitioning default effects: Why people choose not to choose,2011,1,environment,structure,default,artefactual_field,126,63,63,1,0.19,,0.58,,0.8294,0.0345,1,0.4653528474030495,1.1934471525969506,0.7936507936507936,1,0.40793461520397845,0,0.943075509136984,0.00044068909350930205,0.03527536276164278,0.5749602371991063,1.3111907810748618,0.5555555555555556,0.9841269841269841,0.5008952558646075,0.12598815766974236,1.206807586169369,3.740745371463147e-08,0.037525335516015626,0.8271340012078856,1.5864811711308524,0.6666666666666666,0.7301587301587301,0.4751909633114913,0.4474425249214015,0.13851585519513576,0.5603406034710046,0.031822169214843016,-0.211117599,0.4881493098644219,0.5555555555555556,0.9365079365079365,0.5008952558646075,0.24580452980260498,0.9500114636420398,2.5098846559864573e-06,0.03532746738512417,0.5816244236971344,1.3183985035869452
Dinner_3,Dinner et al. (2011),Partitioning default effects: Why people choose not to choose,2011,1,environment,structure,default,artefactual_field,126,63,63,1,0.236,,0.465,,0.4862,0.0327,1,0.1317769428540266,0.8406230571459734,0.7936507936507936,1,0.40793461520397845,0,0.943075509136984,0.00044068909350930205,0.03527536276164278,0.5749602371991063,1.3111907810748618,0.5873015873015873,0.8253968253968254,0.4962738784348764,0.3826765896260496,0.5331265339866609,0.006171460061070423,0.032873904370002496,0.17776228435988534,0.8884907836134364,0.8571428571428571,0.6825396825396826,0.3527378107513291,0.4692271210638121,-0.421884903,0.03430970319622982,0.03245232885314505,-0.774963201,-0.068806604,0.47619047619047616,0.8095238095238095,0.5034443575988876,0.39583080684778643,0.715166507260236,0.00020041801254692534,0.033775647353598434,0.3549613456493356,1.0753716688711363
Theotokis_1,Theotokis & Manganari (2015),The impact of choice architecture on consumer behavior: The role of guilt,2015,0,environment,structure,default,conventional_lab,72,36,36,1,0.56,,0.79,,0.4984,0.0573,1,0.0292352203907743,0.9675647796092256,0.9166666666666666,1,0.280305955290694,0,0.5856855434571511,0.23818494999201903,0.057937691359824295,0.11391732120723008,1.0574537657070722,0.2222222222222222,0.5,0.42163702135578407,0.50709255283711,0.589030970216274,0.0272286472396507,0.057964982526902256,0.11715164939436146,1.0609102910381867,0,0.05555555555555555,0,0.23231068414572323,0.47588224966041653,0.47328946538008987,0.057128221635707355,0.007421247107315065,0.944343252213518,0.08333333333333333,0.25,0.2803059552906942,0.43915503282683993,0.4615120077394469,0.11384629800665763,0.05703467592560899,-0.006565292,0.9295893078938782
Theotokis_2,Theotokis & Manganari (2015),The impact of choice architecture on consumer behavior: The role of guilt,2015,0,environment,structure,default,conventional_lab,71,35,36,1,0.7,,0.79,,0.2072,0.0567,1,-0.259501955,0.6739019553562604,0.9428571428571428,1,0.23550410797680282,0,0.4827659233257342,0.4607820068771372,0.057990494635998945,0.010782769880747889,0.9547490767707205,0.8,0.6666666666666666,0.40583972495671394,0.4780914437337573,-0.303664199,0.31699704204376206,0.05699858625033519,-0.771593384,0.164264985386951,0,0.05555555555555555,0,0.23231068414572323,0.47588224966041653,0.48571171652459333,0.05794402265583916,0.004088251248213826,0.9476762480726193,0.42857142857142855,0.2777777777777778,0.5020964452534339,0.45425676257949804,-0.317206423,0.27947814671782656,0.05705779729744803,-0.785378591,0.15096574504017812
Hershfield_1,Hershfield et al. (2014),National differences in environmental concern and performance are predicted by country age,2014,1,environment,information,translation,artefactual_field,308,157,151,0,9.84,12.72,13.13,13.83,0.2478,0.0131,0,0.0234718685695147,0.4721281314304852,11.687898089171975,14.403973509933774,4.181542935673495,4.827944777296743,0.6022343071069877,2.646717426399268e-07,0.013580719542715945,0.3738272693898034,0.830641344824172,12.547770700636942,14.933774834437086,4.06745346509023,5.195727570702917,0.5125870445316101,1.1019552771637388e-05,0.013418478175126687,0.2855484325156536,0.7396256565475665,12.401273885350319,15.14569536423841,2.9674729657927963,3.2972662434070594,0.8758391909073774,2.4510222189964e-13,0.014237226243483243,0.6419765852277891,1.1097017965869655,10.757961783439491,12.019867549668874,3.0411731750397593,3.325598088916736,0.39635536083048434,0.0005937695170197639,0.013246971833953656,0.17077234551455256,0.6219383761464161
Shealy_2,Shealy et al. (2016),Using framing effects to inform more sustainable infrastructure design decisions,2016,1,environment,structure,default,artefactual_field,65,33,32,0,81,40.1,112,42.6,0.7497,0.0659,0,0.2465577375296894,1.2528422624703106,118.78787878787878,150.9375,7.908688164597748,4.825587044348143,4.889801211901208,2.949228239753366e-26,0.2454773063946497,3.9187239935864326,5.860878430215983,119.87878787878788,150.5625,28.857145535982045,10.048069947876526,1.4113504257691936,1.0437202988012853e-06,0.07687541510548326,0.8679226555444092,1.954778195993978,123.3030303030303,152.3125,13.949652434032291,13.448677834042682,2.1166406467967276,4.133244847464056e-12,0.09601585820820008,1.5093178615824672,2.7239634320109882,92.12121212121212,129.375,18.20157543963842,13.425421240462848,2.323969892322556,2.437922085366014e-13,0.103097923075505,1.694647696628138,2.9532920880169735
Pichert_1,Pichert & Katsikopoulos (2008),Green defaults: Information presentation and pro-environmental behaviour,2008,0,environment,structure,default,conventional_lab,65,41,24,0,6.59,5.53,13,7.34,1.0253,0.0741,0,0.4917720264002696,1.5588279735997306,12.439024390243903,30.625,7.99390011348592,39.15722211135847,0.7422261080588128,0.0339811183299026,0.07029459976513748,0.22257833281585993,1.2618738833017658,25.609756097560975,72.91666666666667,14.9664258404946,43.58691134480292,1.6363365167609356,2.2554002121174226e-05,0.08665381207745423,1.0593815351967693,2.213291498325102,15.536585365853659,42.875,6.5578104614864,25.626603873454563,1.672893855013527,2.7401972417409135e-05,0.0875844017240443,1.0928491390147967,2.2529385710122574,18.048780487804876,24.583333333333332,7.974807895843619,31.722871555238264,0.32359837383774454,0.3313035753330902,0.06686241755026287,-0.18320457,0.8304013174671112
Shealy_3,Shealy et al. (2018),Providing descriptive norms during engineering design can encourage more sustainable infrastructure,2018,1,environment,information,social_reference,artefactual_field,67,24,43,0,93,37.38,140.5,28.36,1.4916,0.0815,0,0.9320654667613704,2.051134533238629,139.79166666666666,150,12.72443444260129,12.24744871391589,0.8220380012250681,0.0025507914980666883,0.06996536476536479,0.3036085772713417,1.3404674251787945,129.125,145.13953488372093,13.954312096515418,14.12121233725186,1.1388209431000205,4.517607161776739e-05,0.07460093689211937,0.6034926073505688,1.6741492788494723,127.70833333333333,139.27906976744185,14.010800699170765,12.728531096555054,0.8768028584177477,0.0016787049250794191,0.07065966907186798,0.3558074563042021,1.3977982605312933,113.75,122.32558139534883,14.314024743161026,13.199424464784459,0.6303597687194141,0.01981258183724112,0.06788780478448335,0.11968550217868235,1.1410340352601458
McCaul_1,McCaul & Kopp (1982),Effects of goal setting and commitment on increasing metal recycling,1982,1,environment,assistance,commitment,framed_field,55,28,27,0,35.65,27.21,37.85,24.38,0.0851,0.0728,0,-0.4438,0.614,15.783783783783784,21.964285714285715,7.446606740788179,14.42087515415206,0.5622979086249691,0.045456610022179336,0.07562567673354106,0.023305401293908123,1.1012904159560302,23.321428571428573,21.074074074074073,9.58414420310025,9.042318992577778,-0.241073506,0.37497353736685946,0.07327965398258367,-0.771639971,0.2894929581238022,16.071428571428573,18.37037037037037,6.229729031789731,9.111058995056284,0.2955791255593355,0.2820671867295831,0.07354556838283567,-0.235949117,0.8271073678825512,28.107142857142858,39.81481481481482,13.05072521247109,8.60249086037579,1.055341521079382,0.00026828137070835083,0.08287628389781496,0.4911023591935626,1.6195806829652013
McCaul_2,McCaul & Kopp (1982),Effects of goal setting and commitment on increasing metal recycling,1982,1,environment,assistance,commitment,framed_field,65,37,28,0,27.56,26.81,45.57,35.44,0.5846,0.0654,0,0.0835,1.0857,16.642857142857142,47.77777777777778,5.723339388557503,8.011210094579168,4.485926876421572,3.3415967214733746e-21,0.217537773822862,3.571781154949335,5.400072597893809,27.16216216216216,38.357142857142854,12.325478384931651,7.737423658280893,1.055625161382277,3.3300822908866466e-05,0.07131319336703087,0.5322259870500599,1.579024335714494,16.18918918918919,43.642857142857146,7.954166755152219,3.9366679434966945,4.196645753120399,4.426335128716732e-25,0.19821697102733954,3.3240391225220263,5.069252383718772,29.864864864864863,35.392857142857146,15.206289199907754,4.416629230149815,0.46638165691786826,0.04176478584257724,0.06441448081753932,-0.03105736,0.9638206738003088
Marek_1,Marek (2018),Social learning under the labeling effect: Exploring travellers' behavior in social dilemmas,2018,0,environment,structure,composition,conventional_lab,120,60,60,0,10.27667,2.236351,11.76502,2.350689,0.6487,0.0351,0,0.2815008651884324,1.0158991348115678,17.933333333333334,26.083333333333332,2.2614429671750096,6.181688833656884,1.7510207258719286,1.201773472637304e-14,0.0461086399268044,1.3301591790931429,2.1718822726507145,16.016666666666666,28.916666666666668,2.541130581605038,3.805845934458743,3.986553734488167,2.0521476750071464e-40,0.09955254449150647,3.368146910334809,4.604960558641524,16.45,18.766666666666666,2.7210728193371807,3.0938247223185384,0.7951718716483864,2.8801098008932734e-05,0.03596790960608666,0.42346063477461293,1.16688310852216,14.35,16.05,1.5384892435575792,2.2279046932115163,0.8879670878658448,4.073024960514835e-06,0.03661868978805395,0.512908173975531,1.2630260017561585
Catlin_1,Catlin & Wang (2013),Recycling gone bad: When the option to recycle increases resource consumption,2013,1,environment,structure,consequence,conventional_lab,43,22,21,0,9.45,,27.9,,0.7139,0.099,1,0.0972117292758696,1.3305882707241303,18.636363636363637,22.38095238095238,4.135162282131996,6.445744258626699,0.6950478046918667,0.030668340205452536,0.09869093552483707,0.07932289469192155,1.3107727146918118,25.681818181818183,27.38095238095238,7.1206364324730975,7.003400534570263,0.2405447993652383,0.43478393685926153,0.09374640470733334,-0.359557653,0.8406472516776304,34.31818181818182,31.666666666666668,10.498917693137361,8.850612031567836,-0.272514514,0.37510568943346256,0.09393712981887399,-0.873227104,0.3281980765761957,24.545454545454547,28.333333333333332,9.625003513801573,14.605934866804429,0.3077287274483317,0.32465480438446215,0.094174720628209,-0.29374306,0.9092005150191523
Demarque_7,Demarque et al. (2015),Nudging sustainable consumption: The use of descriptive norms to promote a minority behavior in a realistic online shopping environment,2015,0,environment,information,social_reference,conventional_lab,81,41,40,0,1.56,2.16,1.77,1.54,0.1117,0.0495,0,-0.324364458,0.5477644581072381,2.8048780487804876,1.95,0.557651871471887,0.31622776601683783,-1.879769725,4.216671269453435e-12,0.07120218352463,-2.402761365,-1.356778085,3.097560975609756,2.125,0.860374280437894,0.563300712149108,-1.334088276,7.085967465410753e-08,0.06037661136561826,-1.815683819,-0.852492734,2.1707317073170733,2,0.7714414762115864,0,-0.311024606,0.16419344307993447,0.04998738159057365,-0.749230571,0.12718135929320357,2.8292682926829267,1.8,0.6671746032482895,0.6868732574462859,-1.520402571,1.5342871944363152e-09,0.06365952772225707,-2.014917944,-1.025887198
Demarque_3,Demarque et al. (2015),Nudging sustainable consumption: The use of descriptive norms to promote a minority behavior in a realistic online shopping environment,2015,0,environment,information,social_reference,conventional_lab,79,41,38,0,1.56,2.16,2.29,1.84,0.3627,0.0515,0,-0.082086611,0.8074866109335436,2.8780487804878048,3.3684210526315788,0.39969500567429594,0.6746792083200744,0.8927394050398564,0.00025490049237721454,0.05575023366290119,0.4299627560393798,1.355516054040333,2.731707317073171,3.3157894736842106,0.6334189073552525,0.8416606222994192,0.7884208796711634,0.0009212017401159558,0.054640257955246345,0.330274286442333,1.2465674728999938,2.048780487804878,2.8684210526315788,0.4444783184923152,0.4748287105995939,1.7844937871922952,1.747036049689962e-11,0.0708605781642745,1.2627582286680197,2.306229345716571,2.6341463414634148,2.8947368421052633,0.7333518105580569,0.4525885718428284,0.42395870221212983,0.05967584657299451,0.051843634522840916,-0.022309364,0.8702267686639091
Demarque_1,Demarque et al. (2015),Nudging sustainable consumption: The use of descriptive norms to promote a minority behavior in a realistic online shopping environment,2015,0,environment,information,social_reference,conventional_lab,61,29,32,0,2,2.45,3.25,2.24,0.5337,0.0681,0,0.0222282552386007,1.045171744761399,2.896551724137931,5.03125,0.4092525928189875,0.9994958406536122,2.7458799595252543,4.648802569078064e-14,0.1275348631462832,2.045937158305535,3.445822760744974,2.8275862068965516,3.96875,0.6017216678143156,0.646797320799606,1.823497637675429,1.5852649782806212e-09,0.09298803431419679,1.2258274070002857,2.4211678683505724,2.103448275862069,3.5625,0.48879060563561927,0.7156093726283553,2.359295521932963,5.425780266890974e-13,0.11135796648800877,1.7052488549282896,3.0133421889376364,2.9655172413793105,3.75,0.6804808499819212,0.672021505032247,1.160392815775592,3.046758113027445e-05,0.0767697380215389,0.6173386865350368,1.7034469450161474
Demarque_4,Demarque et al. (2015),Nudging sustainable consumption: The use of descriptive norms to promote a minority behavior in a realistic online shopping environment,2015,0,environment,information,social_reference,conventional_lab,60,29,31,0,2,2.45,2.84,2.38,0.348,0.0677,0,-0.161967413,0.8579674128422249,2.896551724137931,2.6129032258064515,0.5570860145311555,0.49513764785419084,-0.539301309,0.042178193625209824,0.06916453898674622,-1.054755214,-0.023847404,2.3448275862068964,2.2580645161290325,0.6138788892284813,0.5143113152870139,-0.153678546,0.5567237629706525,0.06693763226689904,-0.660766466,0.3534093729534105,2.1379310344827585,2,0.5808945030255667,0.4472135954999579,-0.267261242,0.3097809188477664,0.06733606123205678,-0.775856077,0.24133359326650716,2.7586206896551726,2.193548387096774,0.5109635445336237,0.4774484152736418,-1.144074505,4.511365991557711e-05,0.07764837706932698,-1.690227453,-0.597921556
Demarque_2,Demarque et al. (2015),Nudging sustainable consumption: The use of descriptive norms to promote a minority behavior in a realistic online shopping environment,2015,0,environment,information,social_reference,conventional_lab,78,41,37,0,1.56,2.16,2.57,2.15,0.4686,0.0528,0,0.0182345642340546,0.9189654357659454,2.902439024390244,4.45945945945946,0.30040622902833497,0.9307880351435373,2.301007679057616,2.1062836800824973e-12,0.08535724746204373,1.728385333027321,2.8736300250879117,3.048780487804878,3.3513513513513513,0.9206307487857206,0.8238195668219336,0.345358204899565,0.1297156432775918,0.05218183688902663,-0.102363112,0.7930795217891826,2.048780487804878,2.7567567567567566,0.705380022122654,0.43495883620083986,1.1941589385212943,9.667101667243676e-07,0.06055839638107057,0.7118389348461878,1.6764789421964008,3,3.108108108108108,0.7071067811865476,0.657595949221429,0.15802943260369617,0.48634638583131506,0.0515773561959343,-0.287091102,0.6031499667368168
Demarque_8,Demarque et al. (2015),Nudging sustainable consumption: The use of descriptive norms to promote a minority behavior in a realistic online shopping environment,2015,0,environment,information,social_reference,conventional_lab,80,41,39,0,1.56,2.16,1.67,1.9,0.054,0.05,0,-0.38426127,0.4922612702882907,2.902439024390244,2.5384615384615383,0.3744915251898559,0.5547001962252291,-0.77281024,0.0010679483732855008,0.053763992459503196,-1.227268338,-0.318352141,2.975609756097561,2.5128205128205128,0.851111181868996,0.7208107595944298,-0.585572247,0.01033821423518278,0.05217436239746322,-1.033261497,-0.137882997,1.8048780487804879,2.1538461538461537,0.6008124580566699,0.36551776819519566,0.6976509923746831,0.0024057748703745665,0.05307325021322329,0.24612169634341452,1.1491802884059517,2.731707317073171,2.358974358974359,0.6717287489717272,0.5374001492164547,-0.611044589,0.007509154508605075,0.05236486635814338,-1.059550418,-0.162538761
Demarque_5,Demarque et al. (2015),Nudging sustainable consumption: The use of descriptive norms to promote a minority behavior in a realistic online shopping environment,2015,0,environment,information,social_reference,conventional_lab,81,41,40,0,1.56,2.16,2.22,1.83,0.3294,0.0501,0,-0.109299313,0.768099312646801,2.951219512195122,3.975,0.5895430226961862,1.0738738884082841,1.1858941810188255,1.7294961254918055e-06,0.05807138593067551,0.7135819561999815,1.6582064058376695,2.5121951219512195,3.675,0.5060608273474738,0.572332161042958,2.154160630833896,5.721700744133229e-15,0.07803473787425809,1.6066506015854602,2.7016706600823315,2.1463414634146343,3.275,0.5273033097637497,0.6788942744621108,1.8597406047518197,3.0340748311159777e-12,0.07073984338986287,1.3384497115218403,2.381031497981799,2.707317073170732,3.725,0.6018264882432639,0.6400120191179105,1.6388571111798083,1.515764889717882e-10,0.06596958112999846,1.1354492950611772,2.1422649272984393
Demarque_6,Demarque et al. (2015),Nudging sustainable consumption: The use of descriptive norms to promote a minority behavior in a realistic online shopping environment,2015,0,environment,information,social_reference,conventional_lab,59,29,30,0,2,2.45,2.77,2.31,0.3236,0.0687,0,-0.190119983,0.8373199830468797,2.9655172413793105,3.3333333333333335,0.3254402096380549,0.6064784348631228,0.7521170523765993,0.005526519768447136,0.07260999077161337,0.22398043224868847,1.2802536725045102,2.689655172413793,3.1,0.6602731185903338,0.5477225575051661,0.6775504002398074,0.012179969434397172,0.07170655419864268,0.15270968618652692,1.2023911142930879,2.206896551724138,2.9,0.5592923044110286,0.3051285766293647,1.5458569956522785,5.448913404065872e-07,0.0880675652676424,0.9642145578827839,2.1274994334217734,2.793103448275862,3.033333333333333,0.6198680933892067,0.41384099339733377,0.45736735812364343,0.08735241168885526,0.06958884534620097,-0.059665217,0.9743999332841289
Klotz_2,Klotz et al. (2010),Unintended anchors: Building rating systems and energy performance goals for U.S. buildings,2010,1,environment,structure,default,artefactual_field,56,24,32,0,40,16.9,54,20,0.747,0.0779,0,0.1999628512321376,1.2940371487678624,27.291666666666668,54.84375,2.9411498293763576,9.958330521437494,3.5388859967761124,2.3427050779206847e-17,0.18473554254325647,2.6964763699326704,4.381295623619555,21.875,56.25,4.6186060385283385,13.619246343602935,3.1976103684004644,2.937417271373214e-16,0.16420873870329306,2.4033804849744995,3.9918402518264293,23.541666666666668,62.8125,5.413181710591661,10.620848334989004,4.468436382147417,4.1840283695945994e-23,0.2511927711425479,3.4861193832106476,5.450753381084187,18.541666666666668,38.125,4.293363601477605,12.491932880734439,1.9839486553028145,3.5854967839733435e-10,0.10805999047807602,1.3396598973796854,2.6282374132259436
Bruns_1,Bruns et al. (2018),Can nudges be transparent and yet effective?,2018,0,environment,structure,default,conventional_lab,256,85,171,0,1.82,2.66,2.95,2.98,0.3926,0.0179,0,0.1303746905990483,0.6548253094009517,3.7058823529411766,5.584795321637427,0.8840320158467208,1.3361940415537952,1.558517834575984,8.510909331586964e-31,0.02235675644382763,1.265460571838389,1.8515750973135792,3.364705882352941,5.426900584795321,0.9366487732174464,1.4467738091230316,1.585804276224178,6.014644714353685e-32,0.022524329416092226,1.2916507722238557,1.8799577802245002,3.5058823529411764,5.093567251461988,0.853892061481464,0.8488848185452015,1.8666698749164288,4.630319935774311e-30,0.024418238047790718,1.5603993148971957,2.172940434935662,3.4235294117647057,4.7368421052631575,0.6792234814956903,0.6823742923957495,1.9275610457994574,1.405266785578409e-31,0.024869478601234042,1.6184735534307524,2.2366485381681627
Bohm_1,Bohm et al. (2016),Outcome valence and externality valence framing in public good dilemmas,2016,0,environment,information,translation,conventional_lab,167,84,83,0,50.86,34.19,60.96,35.24,0.2909,0.0242,1,-0.013998841,0.5957988413569291,32.023809523809526,37.40963855421687,11.74834127279578,11.877459842356368,0.45593603072404437,0.0036880527339025323,0.02457534289175162,0.14868179117135416,0.7631902702767346,28.69047619047619,35.06024096385542,12.027054031897139,13.054622018227459,0.5076219006333573,0.0012758012840713268,0.024724451663878044,0.19943695140476525,0.8158068498619494,26.035714285714285,26.44578313253012,7.188421796012241,5.383472929407486,0.06451871021763558,0.6768347947971918,0.023965417741619137,-0.238898767,0.36793618726067323,20.833333333333332,25.542168674698797,10.637321582135563,12.272615962237547,0.41020697750718826,0.008896293245100575,0.024456756365653375,0.10369495088114156,0.716719004133235
